casilla_id,distrito_fed_17,distrito_fed_12,distrito_loc_17,distrito_loc_12,are,seccion,casilla,tipo_seccion,pri_pvem,pan_na,prd,pt,mc,otros,total,ln,tamano_md,tamano_gd,region,casilla_ex,rural,ln_total
434,1,1,2,2,1-49,2551,B-C,U,182,144,12,5,5,11,359,654,1,0,2,0,0,654
124,4,1,1,1,1-64,2356,B-C,M,144,181,10,27,2,14,378,610,1,0,1,0,0,610
438,1,1,2,2,1-50,2552,B-C,U,158,104,18,4,4,11,299,509,1,0,2,0,0,509
445,1,1,2,2,1-45,2556,B-C,U,156,180,20,15,15,31,417,740,1,0,2,0,0,740
174,4,1,1,1,1-84,2383,B-C,U,196,131,12,5,1,12,357,586,1,0,1,0,0,586
429,1,1,2,2,1-48,2550,B-C,U,168,159,25,5,10,17,384,650,1,0,2,0,0,650
209,4,1,1,1,1-68,2399,B-C,U,114,181,13,2,0,17,327,575,1,0,1,0,0,575
236,4,1,1,1,1-75,2414,B-C,R,171,62,30,5,1,18,287,565,1,0,1,0,1,565
148,4,1,1,1,1-66,2371,B-C,R,117,205,7,13,0,19,361,593,1,0,1,0,1,593
287,4,1,1,1,1-91,2445,B-C,R,66,170,2,3,0,15,256,411,0,0,1,0,1,411
589,1,1,2,2,1-28,2903,B-C,R,191,132,43,1,0,24,391,541,1,0,2,0,1,541
512,1,1,2,2,1-53,2590,B-C,R,85,208,26,9,0,29,357,691,1,0,2,0,1,691
152,4,1,1,1,1-66,2373,B-C,R,102,135,6,3,0,11,257,522,1,0,1,0,1,522
545,1,1,2,2,1-19,2605,B-C,R,287,157,1,0,0,8,453,661,0,0,2,0,1,661
482,1,1,2,2,1-41,2578,B-C,R,55,147,16,5,3,22,248,552,0,0,2,0,1,552
198,4,1,1,1,1-70,2393,B-C,R,116,152,5,0,3,8,284,439,0,0,1,0,1,439
6337,10,10,20,21,10-20,2282,B-C,U,86,142,18,6,2,13,267,484,0,0,2,0,0,484
5941,10,10,20,20,10-7,1873,B-C,U,56,164,25,6,2,66,319,664,1,0,2,0,0,664
6037,10,10,20,20,10-70,2802,B-C,U,120,185,15,1,2,5,328,505,1,0,2,0,0,505
6313,10,10,20,21,10-18,2269,B-C,U,99,159,18,5,3,16,300,489,0,0,2,0,0,489
6342,10,10,20,21,10-22,2285,B-C,M,123,248,16,5,1,14,407,647,1,0,2,0,0,647
6177,10,10,20,20,10-99,3004,B-C,R,57,70,13,3,0,6,149,385,0,0,2,0,1,385
6161,10,10,20,20,10-93,2997,B-C,R,202,158,3,1,1,8,373,737,1,0,2,0,1,737
6140,10,10,20,20,10-94,2985,B-C,R,79,136,7,4,1,9,236,561,0,0,2,0,1,561
6064,10,10,20,20,10-76,2812,B-C,R,150,163,13,2,0,22,350,611,0,0,2,0,1,611
5310,14,10,15,17,10-61,2773,B-C,R,119,95,56,4,1,20,295,461,0,0,2,0,1,461
5322,7,11,10,18,11-99,569,B-C,U,188,228,11,4,0,14,445,691,0,0,1,0,0,691
5539,7,11,18,18,11-11,1974,B-C,M,109,121,28,7,0,15,280,606,1,0,1,0,0,606
5428,7,11,18,18,11-41,1916,B-C,U,132,226,11,2,0,9,380,588,1,0,1,0,0,588
5456,7,11,18,18,11-39,1929,B-C,U,245,190,12,1,1,5,454,673,1,0,1,0,0,673
3838,13,11,18,13,11-81,15,B-C,R,35,100,6,0,0,8,149,404,0,0,1,0,1,404
5402,13,11,10,18,11-90,730,B-C,R,29,15,10,1,0,1,56,85,0,0,1,0,1,85
5586,7,11,18,18,11-30,1998,B-C,R,218,87,6,3,1,13,328,594,1,0,1,0,1,594
5650,13,11,18,19,11-56,922,B-C,R,165,108,44,2,1,12,332,532,1,0,1,0,1,532
5371,7,11,10,18,11-94,603,B-C,R,129,60,3,6,0,8,206,436,0,0,1,0,1,436
5404,13,11,10,18,11-89,731,B-C,R,75,110,54,1,0,15,255,389,0,0,1,0,1,389
5618,7,11,18,18,11-24,2017,B-C,R,165,55,6,1,0,12,239,524,1,0,1,0,1,524
3856,13,11,18,13,11-76,22,B-C,R,450,269,6,2,1,34,762,676,1,0,1,0,1,676
5469,7,11,18,18,11-50,1935,B-C,R,136,54,1,0,0,5,196,308,0,0,1,0,1,308
5355,7,11,10,18,11-105,592,B-C,R,74,128,4,2,1,14,223,335,0,0,1,0,1,335
5531,7,11,18,18,11-18,1971,B-C,R,133,138,6,3,1,9,290,626,1,0,1,0,1,626
5591,7,11,18,18,11-21,2002,B-C,R,222,94,5,1,0,13,335,541,1,0,1,0,1,541
5340,7,11,10,18,11-106,579,B-C,R,164,78,1,6,0,7,256,499,0,0,1,0,1,499
3868,13,11,18,13,11-71,29,B-C,R,74,203,6,2,1,10,296,473,0,0,1,0,1,473
4814,12,12,15,16,12-7,441,B-C,U,177,196,22,6,8,15,424,623,0,0,2,0,0,623
4430,12,12,15,15,12-49,385,B-C,U,139,139,33,5,2,9,327,504,1,0,2,0,0,504
4802,12,12,16,16,12-19,424,B-C,U,102,134,21,5,2,13,277,423,0,0,2,0,0,423
4797,12,12,16,16,12-6,422,B-C,U,175,215,21,4,4,14,433,596,1,0,2,0,0,596
4426,12,12,15,15,12-50,384,B-C,U,139,193,26,10,3,20,391,566,1,0,2,0,0,566
4561,2,12,16,15,12-64,514,B-C,M,185,227,23,6,7,16,464,688,1,0,2,0,0,688
4716,12,12,16,16,12-22,343,B-C,U,187,211,44,5,8,15,470,746,0,1,2,0,0,746
4833,12,12,15,16,12-10,455,B-C,U,120,131,14,3,3,13,284,499,0,0,2,0,0,499
4945,12,12,15,16,12-79,543,B-C,U,139,173,6,4,0,10,332,590,1,0,2,0,0,590
4875,12,12,15,16,12-13,493,B-C,U,108,261,14,4,1,11,399,613,0,0,2,0,0,613
4559,2,12,16,15,12-63,513,B-C,U,205,155,12,2,1,6,381,596,1,0,2,0,0,596
4396,12,12,16,15,12-40,365,B-C,U,168,194,15,8,1,8,394,610,0,0,2,0,0,610
4880,2,12,16,16,12-61,495,B-C,R,191,152,5,4,1,6,359,578,1,0,2,0,1,578
4879,2,12,16,16,12-61,495,B-C,R,322,304,10,3,1,7,647,578,1,0,2,0,1,578
4930,2,12,16,16,12-67,523,B-C,R,126,215,24,2,5,10,382,639,1,0,2,0,1,639
4550,2,12,16,15,12-58,498,B-C,R,153,219,13,10,1,14,410,614,1,0,2,0,1,614
5685,13,13,19,19,13-48,1188,B-C,U,150,171,16,4,5,3,349,570,1,0,2,0,0,570
4518,12,13,15,15,13-9,480,B-C,U,172,134,26,1,3,22,358,649,1,0,2,0,0,649
4526,12,13,15,15,13-9,485,B-C,U,121,147,14,5,1,11,299,546,1,0,2,0,0,546
5740,13,13,19,19,13-60,2826,B-C,U,87,204,58,2,7,33,391,620,1,0,2,0,0,620
5679,13,13,19,19,13-46,1185,B-C,U,153,207,24,2,4,5,395,567,1,0,2,0,0,567
5904,13,13,19,19,13-93,2888,B-C,M,30,39,105,1,0,14,189,413,1,0,2,0,0,413
6202,10,13,19,21,13-24,672,B-C,U,132,181,17,0,0,9,339,519,1,0,2,0,0,519
4872,12,13,15,16,13-10,483,B-C,U,173,152,19,7,7,10,368,651,1,0,2,0,0,651
5681,13,13,19,19,13-45,1186,B-C,U,181,178,8,2,6,6,381,587,1,0,2,0,0,587
5724,13,13,19,19,13-56,2819,B-C,M,69,204,53,6,7,17,356,530,1,0,2,0,0,530
6295,10,13,19,21,13-43,714,B-C,U,47,152,21,1,1,23,245,553,0,0,2,0,0,553
5699,13,13,19,19,13-52,1194,B-C,U,121,126,8,0,1,4,260,435,0,0,2,0,0,435
4504,12,13,15,15,13-7,475,B-C,U,157,191,20,4,4,14,390,656,1,0,2,0,0,656
6222,10,13,19,21,13-29,681,B-C,U,185,178,30,8,4,10,415,653,1,0,2,0,0,653
5726,13,13,19,19,13-57,2820,B-C,U,85,162,25,2,1,11,286,411,0,0,2,0,0,411
5753,13,13,19,19,13-57,2832,B-C,U,76,221,66,4,6,12,385,561,1,0,2,0,0,561
4491,12,13,15,15,13-4,450,B-C,U,198,269,18,19,3,17,524,690,1,0,2,0,0,690
4478,12,13,15,15,13-1,436,B-C,U,148,227,33,8,5,12,433,584,1,0,2,0,0,584
5785,13,13,19,19,13-69,2844,B-C,U,29,181,101,7,6,11,335,588,1,0,2,0,0,588
5892,13,13,19,19,13-95,2883,B-C,U,19,104,106,1,0,11,241,535,1,0,2,0,0,535
5668,13,13,19,19,13-45,1179,B-C,M,229,263,23,6,11,12,544,722,0,0,2,0,0,722
4514,12,13,15,15,13-3,478,B-C,U,137,145,22,3,4,19,330,614,1,0,2,0,0,614
5758,13,13,19,19,13-58,2834,B-C,U,66,207,45,5,2,10,335,512,1,0,2,0,0,512
5732,13,13,19,19,13-57,2823,B-C,U,122,266,45,8,3,19,463,702,1,0,2,0,0,702
6297,10,13,19,21,13-43,715,B-C,U,27,77,8,2,0,8,122,385,0,0,2,0,0,385
5791,13,13,19,19,13-70,2847,B-C,U,49,181,93,4,1,17,345,592,1,0,2,0,0,592
4595,12,13,15,15,13-16,538,E,R,104,197,11,2,0,13,327,509,1,0,2,1,1,509
6287,10,13,19,21,13-39,709,B-C,R,89,222,7,2,1,11,332,628,0,0,2,0,1,628
5795,13,13,19,19,13-71,2848,B-C,R,47,89,86,4,1,29,256,514,1,0,2,0,1,514
6285,10,13,19,21,13-41,708,B-C,R,116,138,4,1,1,13,273,552,1,0,2,0,1,552
4599,12,13,15,15,13-16,541,B-C,R,69,252,14,3,0,9,347,570,1,0,2,0,1,570
5803,13,13,19,19,13-73,2850,E,R,24,51,27,2,1,13,118,309,1,0,2,1,1,309
6501,14,14,22,22,14-10,75,B-C,U,113,234,47,9,8,15,426,732,0,0,2,0,0,732
6459,14,14,22,22,14-3,54,B-C,U,75,148,35,2,2,5,267,409,0,0,2,0,0,409
5032,14,14,22,17,14-44,265,B-C,U,112,142,61,4,12,19,350,605,1,0,2,0,0,605
6453,14,14,22,22,14-1,51,B-C,M,111,180,45,5,7,17,365,658,1,0,2,0,0,658
5094,14,14,9,17,14-58,297,B-C,U,141,153,31,8,3,12,348,561,1,0,2,0,0,561
6486,14,14,22,22,14-8,67,B-C,U,87,189,34,2,8,16,336,578,1,0,2,0,0,578
5018,14,14,22,17,14-40,258,B-C,M,106,149,10,3,139,36,443,654,1,0,2,0,0,654
5127,14,14,9,17,14-66,313,B-C,R,103,108,11,3,0,12,237,432,1,0,2,0,1,432
5100,14,14,9,17,14-61,301,B-C,R,254,126,5,0,1,11,397,378,1,0,2,0,1,378
5025,14,14,22,17,14-43,262,B-C,R,106,119,19,6,10,22,282,489,0,0,2,0,1,489
6562,14,14,22,22,14-21,105,B-C,R,94,95,60,1,3,19,272,466,0,0,2,0,1,466
5114,14,14,9,17,14-64,307,B-C,R,167,88,9,0,0,13,277,512,1,0,2,0,1,512
6572,14,14,22,22,14-24,111,B-C,R,40,147,35,3,0,15,240,402,0,0,2,0,1,402
5065,14,14,22,17,14-52,287,B-C,R,80,61,8,7,83,25,264,450,0,0,2,0,1,450
6682,14,14,22,22,14-98,1227,B-C,R,123,146,21,3,4,26,323,576,0,0,2,0,1,576
6575,14,14,22,22,14-24,113,B-C,R,149,172,55,8,2,32,418,704,0,0,2,0,1,704
5132,14,14,9,17,14-43,315,B-C,R,158,170,30,4,3,14,379,694,1,0,2,0,1,694
5102,14,14,9,17,14-61,301,E,R,174,18,47,3,3,11,256,252,1,0,2,1,1,252
6637,14,14,22,22,14-76,657,B-C,R,155,167,89,9,1,29,450,690,0,0,2,0,1,690
370,2,2,2,2,2-71,2524,B-C,M,200,187,26,5,8,19,445,713,1,0,2,0,0,713
2595,2,2,9,9,2-14,169,B-C,U,151,219,22,7,6,16,421,675,1,0,2,0,0,675
2564,2,2,9,9,2-5,156,B-C,U,172,192,19,4,3,19,409,713,1,0,2,0,0,713
2589,2,2,9,9,2-12,165,B-C,U,197,132,22,9,4,17,381,611,1,0,2,0,0,611
5199,2,2,17,17,2-68,622,B-C,M,158,170,17,3,4,15,367,476,0,0,2,0,0,476
2523,2,2,9,9,2-1,141,B-C,M,126,155,18,5,7,8,319,633,1,0,2,0,0,633
2549,2,2,9,9,2-10,150,B-C,U,93,146,12,2,2,0,255,401,0,0,2,0,0,401
324,2,2,2,2,2-69,2505,B-C,U,165,153,86,12,5,13,434,689,1,0,2,0,0,689
561,1,2,2,2,2-89,2784,B-C,R,51,293,72,2,0,14,432,587,1,0,2,0,1,587
396,2,2,2,2,2-82,2535,B-C,R,205,130,19,9,0,18,381,600,1,0,2,0,1,600
2622,2,2,9,9,2-33,179,B-C,R,67,139,6,5,1,16,234,447,0,0,2,0,1,447
377,2,2,2,2,2-78,2527,B-C,R,136,135,39,6,2,33,351,608,1,0,2,0,1,608
2669,2,2,9,9,2-25,207,B-C,R,111,189,6,7,5,18,336,735,0,0,2,0,1,735
2656,2,2,9,9,2-37,200,B-C,R,78,157,7,0,1,11,254,394,1,0,2,0,1,394
402,2,2,2,2,2-87,2538,B-C,R,142,95,37,2,1,16,293,487,0,0,2,0,1,487
1066,6,3,4,4,3-28,1322,B-C,U,196,173,8,4,1,10,392,722,0,1,1,0,0,722
1090,3,3,7,4,3-31,1332,B-C,U,142,204,10,3,3,17,379,655,1,0,1,0,0,655
1187,20,3,21,4,3-68,1392,B-C,NA,204,238,11,1,5,12,471,734,0,1,1,0,0,734
1881,3,3,7,7,3-45,1371,B-C,U,96,149,5,1,0,8,259,387,0,0,1,0,0,387
1168,20,3,21,4,3-67,1392,B-C,NA,183,236,22,7,5,11,464,734,0,1,1,0,0,734
1048,3,3,3,4,3-26,1315,B-C,U,137,163,3,1,1,5,310,465,0,0,1,0,0,465
992,3,3,4,4,3-20,1296,B-C,U,140,133,7,3,3,13,299,435,0,0,1,0,0,435
1104,3,3,7,4,3-37,1337,B-C,U,176,234,14,1,1,8,434,632,1,0,1,0,0,632
1918,6,3,7,7,3-53,1396,B-C,U,191,174,2,3,0,7,377,647,1,0,1,0,0,647
993,3,3,4,4,3-20,1296,B-C,U,152,139,9,0,2,3,305,435,0,0,1,0,0,435
1964,6,3,7,7,3-61,1434,B-C,U,159,143,9,2,0,18,331,498,0,0,1,0,0,498
1960,6,3,7,7,3-60,1430,B-C,U,126,226,10,4,3,11,380,596,0,0,1,0,0,596
1158,6,3,4,4,3-29,1367,B-C,U,170,199,11,2,4,5,391,576,1,0,1,0,0,576
1133,3,3,7,4,3-36,1351,B-C,U,177,232,10,4,1,0,424,646,1,0,1,0,0,646
1246,3,3,4,4,3-79,1496,B-C,NA,136,138,4,4,1,7,290,746,0,1,1,0,0,746
2725,1,4,1,9,4-7,760,B-C,U,198,188,23,2,8,17,436,717,1,0,1,0,0,717
2747,1,4,8,9,4-12,766,B-C,U,174,124,8,8,3,18,335,595,1,0,1,0,0,595
3771,9,4,11,12,4-106,1145,B-C,U,109,124,5,4,2,10,254,425,0,0,1,0,0,425
2314,4,4,8,8,4-66,878,B-C,M,216,161,45,6,3,16,447,748,0,1,1,0,0,748
3567,15,4,12,12,4-95,968,B-C,U,52,88,5,0,0,2,147,417,0,0,1,0,0,417
3723,9,4,11,12,4-98,1117,B-C,M,191,178,13,3,2,13,400,698,1,0,1,0,0,698
2742,1,4,8,9,4-10,765,B-C,U,159,161,18,4,1,16,359,563,1,0,1,0,0,563
3752,9,4,11,12,4-103,1134,B-C,U,221,140,9,4,1,11,386,624,1,0,1,0,0,624
2218,4,4,8,8,4-44,836,B-C,U,150,91,44,7,2,7,301,546,1,0,1,0,0,546
36,1,4,1,1,4-19,781,B-C,R,88,260,9,5,1,1,364,675,1,0,1,0,1,675
2390,4,4,8,8,4-87,912,E,R,27,128,32,2,2,9,200,314,1,0,1,1,1,314
32,1,4,1,1,4-13,779,E,R,42,61,10,5,1,11,130,248,0,0,1,1,1,248
3739,9,4,11,12,4-100,1126,B-C,R,278,67,8,4,0,0,357,652,1,0,1,0,1,652
2326,4,4,8,8,4-71,884,B-C,R,92,26,5,0,2,5,130,232,0,0,1,0,1,232
749,3,5,7,3,5-26,1710,B-C,U,159,181,14,3,3,12,372,500,0,0,1,0,0,500
1374,5,5,5,5,5-49,1494,B-C,M,199,137,4,1,2,13,356,683,0,1,1,0,0,683
834,5,5,7,3,5-38,1749,B-C,U,184,146,4,3,1,7,345,533,1,0,1,0,0,533
648,5,5,7,3,5-31,1399,B-C,U,121,168,9,4,2,6,310,431,0,0,1,0,0,431
1444,5,5,7,5,5-43,1799,B-C,U,199,190,4,0,1,1,395,603,0,0,1,0,0,603
1419,5,5,7,5,5-34,1789,B-C,U,123,165,4,4,4,9,309,468,0,0,1,0,0,468
1415,5,5,5,5,5-66,1787,B-C,U,155,198,6,0,2,7,368,627,1,0,1,0,0,627
1510,5,5,5,5,5-74,1833,B-C,U,156,126,6,3,2,11,304,562,1,0,1,0,0,562
734,3,5,3,3,5-24,1701,B-C,U,175,162,9,3,4,7,360,526,1,0,1,0,0,526
696,3,5,3,3,5-8,1686,B-C,U,153,136,12,2,0,10,313,467,0,0,1,0,0,467
1397,5,5,7,5,5-58,1779,B-C,U,154,158,6,4,3,16,341,509,1,0,1,0,0,509
722,3,5,3,3,5-13,1696,B-C,U,127,206,15,5,2,7,362,571,1,0,1,0,0,571
761,3,5,7,3,5-20,1715,B-C,U,132,187,6,1,4,6,336,444,0,0,1,0,0,444
1515,5,5,5,5,5-71,1836,B-C,U,144,114,10,0,0,14,282,493,0,0,1,0,0,493
878,5,5,5,3,5-63,1770,B-C,U,145,166,2,3,1,11,328,539,1,0,1,0,0,539
1757,11,6,6,6,6-72,1609,B-C,U,195,187,4,5,4,8,403,658,1,0,1,0,0,658
1547,5,6,5,5,6-81,1850,B-C,U,130,150,5,1,3,11,300,538,1,0,1,0,0,538
2019,11,6,21,7,6-41,1583,B-C,U,154,188,10,3,2,7,364,504,1,0,1,0,0,504
1682,11,6,21,6,6-43,1560,B-C,U,166,138,17,6,0,5,332,498,0,0,1,0,0,498
1728,11,6,6,6,6-70,1594,B-C,U,217,198,18,1,2,17,453,678,1,0,1,0,0,678
1322,5,6,5,5,6-84,1466,B-C,U,207,230,9,1,2,14,463,636,0,0,1,0,0,636
1543,5,6,6,5,6-80,1848,B-C,U,164,175,5,3,0,6,353,548,1,0,1,0,0,548
1328,5,6,6,5,6-85,1469,B-C,U,116,74,4,1,0,0,195,387,0,0,1,0,0,387
1557,5,6,5,5,6-81,1855,B-C,U,165,183,10,1,1,15,375,646,1,0,1,0,0,646
1796,11,6,6,6,6-73,1625,B-C,U,154,142,13,4,0,8,321,587,1,0,1,0,0,587
1626,6,6,7,6,6-61,1525,B-C,U,117,146,0,10,2,7,282,401,0,0,1,0,0,401
1644,6,6,6,6,6-61,1538,B-C,U,148,216,2,5,1,17,389,612,1,0,1,0,0,612
1674,11,6,6,6,6-58,1556,B-C,U,167,148,4,3,1,0,323,559,1,0,1,0,0,559
2052,6,6,4,7,6-28,1632,B-C,NA,192,230,10,4,4,4,444,743,0,1,1,0,0,743
1387,5,6,6,5,6-87,1502,B-C,U,222,100,7,3,0,16,348,656,1,0,1,0,0,656
2045,11,6,21,7,6-37,1630,B-C,U,166,163,9,3,1,6,348,475,0,0,1,0,0,475
1636,11,6,6,6,6-58,1534,B-C,U,117,193,5,0,3,8,326,459,0,0,1,0,0,459
1304,6,6,7,5,6-62,1444,B-C,U,121,128,10,7,0,5,271,381,0,0,1,0,0,381
2082,11,6,21,7,6-34,1634,B-C,U,199,234,10,5,4,10,462,749,0,1,1,0,0,749
2012,11,6,21,7,6-40,1564,B-C,U,153,187,20,0,2,10,372,479,0,0,1,0,0,479
2050,11,6,21,7,6-33,1631,B-C,U,156,158,7,8,3,11,343,671,1,0,1,0,0,671
2073,11,6,21,7,6-27,1633,B-C,U,191,191,14,6,0,8,410,703,1,0,1,0,0,703
2084,11,6,21,7,6-34,1634,B-C,U,189,226,15,4,1,7,442,749,0,1,1,0,0,749
2075,11,6,21,7,6-34,1634,B-C,U,211,253,19,9,1,4,497,750,0,1,1,0,0,750
2065,6,6,4,7,6-29,1632,B-C,NA,203,199,7,1,5,9,424,743,0,1,1,0,0,743
1822,11,6,6,6,6-77,1649,B-C,U,230,126,4,0,0,6,366,635,1,0,1,0,0,635
1641,11,6,6,6,6-60,1537,B-C,U,133,224,10,4,2,13,386,599,1,0,1,0,0,599
1307,6,6,7,5,6-62,1447,B-C,U,150,171,13,7,3,6,350,533,0,0,1,0,0,533
1619,6,6,7,6,6-57,1519,B-C,U,134,194,9,1,2,8,348,434,0,0,1,0,0,434
2176,11,6,6,7,6-8,1664,B-C,R,238,193,10,1,1,12,455,728,1,0,1,0,1,728
2418,9,7,13,8,7-62,2659,B-C,U,166,123,14,6,2,0,311,590,1,0,1,0,0,590
3137,9,7,13,10,7-68,2684,B-C,U,208,177,3,6,0,22,416,708,1,0,1,0,0,708
3171,9,7,13,10,7-89,2717,B-C,M,170,150,6,3,1,6,336,662,1,0,1,0,0,662
2855,7,7,10,10,7-5,2042,B-C,U,111,293,6,4,2,9,425,688,0,1,1,0,0,688
2916,13,7,13,10,7-16,2066,B-C,U,138,169,42,1,5,10,365,547,1,0,1,0,0,547
3009,7,7,10,10,7-36,2460,B-C,U,122,190,5,0,1,5,323,466,0,0,1,0,0,466
2463,9,7,13,8,7-70,2683,B-C,M,140,142,16,11,2,8,319,649,1,0,1,0,0,649
2853,7,7,10,10,7-5,2041,B-C,U,179,312,3,4,1,9,508,690,1,0,1,0,0,690
3127,9,7,13,10,7-66,2676,B-C,U,158,196,8,3,0,14,379,621,1,0,1,0,0,621
3065,7,7,10,10,7-43,2479,B-C,U,130,206,8,1,1,5,351,589,1,0,1,0,0,589
2430,9,7,13,8,7-64,2664,B-C,U,127,171,14,4,2,18,336,651,1,0,1,0,0,651
2460,9,7,13,8,7-70,2683,B-C,M,155,152,11,0,2,6,326,650,1,0,1,0,0,650
2419,9,7,13,8,7-62,2659,B-C,U,176,115,10,2,1,0,304,589,1,0,1,0,0,589
3026,7,7,10,10,7-40,2468,B-C,U,141,208,9,1,1,9,369,624,1,0,1,0,0,624
3075,7,7,10,10,7-47,2482,B-C,M,143,163,1,1,0,12,320,567,1,0,1,0,0,567
3121,9,7,13,10,7-65,2665,B-C,U,128,130,7,6,2,9,282,544,1,0,1,0,0,544
2444,9,7,13,8,7-72,2670,B-C,U,166,170,16,1,4,9,366,628,1,0,1,0,0,628
3001,7,7,10,10,7-35,2456,B-C,U,126,192,2,2,3,11,336,470,0,0,1,0,0,470
3027,7,7,10,10,7-40,2469,B-C,U,113,211,4,3,0,11,342,642,1,0,1,0,0,642
3107,7,7,10,10,7-57,2498,B-C,R,125,80,14,2,2,10,233,457,0,0,1,0,1,457
3169,9,7,13,10,7-88,2716,B-C,R,78,129,13,2,2,7,231,471,0,0,1,0,1,471
3145,9,7,13,10,7-85,2695,B-C,R,148,150,10,0,0,12,320,567,1,0,1,0,1,567
2488,9,7,13,8,7-81,2698,B-C,R,106,218,17,4,1,27,373,653,1,0,1,0,1,653
4068,8,8,14,13,8-63,2246,B-C,U,90,186,13,1,0,11,301,595,1,0,2,0,0,595
4173,8,8,14,14,8-84,2157,B-C,U,176,208,19,23,2,20,448,643,0,0,2,0,0,643
4043,8,8,14,13,8-59,2234,B-C,U,106,177,10,7,1,26,327,665,1,0,2,0,0,665
3967,8,8,14,13,8-70,2179,B-C,U,189,235,15,11,11,11,472,714,1,0,2,0,0,714
4298,8,8,17,14,8-36,2622,B-C,U,120,294,8,1,6,7,436,677,1,0,2,0,0,677
4052,8,8,14,13,8-102,2239,B-C,U,82,212,12,1,4,7,318,552,1,0,2,0,0,552
3931,8,8,14,13,8-68,2133,B-C,U,151,191,23,17,3,8,393,509,1,0,2,0,0,509
4666,8,8,17,15,8-9,2932,B-C,M,131,174,9,2,0,9,325,536,1,0,2,0,0,536
4283,8,8,17,14,8-31,2615,B-C,U,143,219,27,4,2,9,404,593,1,0,2,0,0,593
4657,8,8,17,15,8-17,2928,B-C,M,97,167,10,7,2,4,287,466,0,0,2,0,0,466
4189,8,8,14,14,8-86,2168,B-C,U,136,137,16,5,6,12,312,491,0,0,2,0,0,491
4642,8,8,17,15,8-6,2921,B-C,M,147,245,14,4,3,13,426,585,1,0,2,0,0,585
4622,8,8,17,15,8-12,2913,B-C,U,120,280,20,13,8,11,452,625,1,0,2,0,0,625
4106,8,8,14,14,8-77,2110,B-C,U,206,200,25,21,7,9,468,673,1,0,2,0,0,673
4233,8,8,14,14,8-46,2217,B-C,R,105,193,6,7,2,12,325,569,1,0,2,0,1,569
4668,8,8,17,15,8-7,2933,B-C,R,110,227,12,3,1,16,369,574,1,0,2,0,1,574
4251,8,8,14,14,8-50,2226,B-C,R,222,238,21,7,2,11,501,731,1,0,2,0,1,731
4227,8,8,14,14,8-43,2213,B-C,R,61,104,42,5,3,29,244,443,0,0,2,0,1,443
4329,8,8,17,14,8-26,2632,B-C,R,90,151,28,8,1,15,293,630,1,0,2,0,1,630
4220,8,8,14,14,8-44,2209,B-C,R,140,130,10,3,0,13,296,529,1,0,2,0,1,529
4096,8,8,14,13,8-52,2261,B-C,R,82,184,9,1,4,6,286,550,1,0,2,0,1,550
3678,15,9,12,12,9-78,1060,B-C,U,170,240,14,3,0,14,441,710,1,0,1,0,0,710
3494,15,9,12,11,9-18,1170,B-C,M,103,147,12,3,3,20,288,533,1,0,1,0,0,533
3298,15,9,11,11,9-45,1036,B-C,U,148,182,8,3,0,9,350,600,1,0,1,0,0,600
3334,15,9,12,11,9-55,1067,B-C,U,203,202,18,1,7,11,442,691,1,0,1,0,0,691
3277,15,9,12,11,9-58,1010,B-C,U,147,150,10,4,1,1,313,477,0,0,1,0,0,477
3532,9,9,11,12,9-31,948,B-C,U,155,289,12,0,4,6,466,641,1,0,1,0,0,641
3622,15,9,12,12,9-63,1002,S,U,44,72,1,2,1,4,124,0,0,0,1,0,0,124
3315,15,9,12,11,9-47,1051,B-C,U,165,149,6,5,1,8,334,523,1,0,1,0,0,523
3598,15,9,12,12,9-41,986,B-C,U,189,148,4,0,3,5,349,501,0,0,1,0,0,501
3570,15,9,12,12,9-39,970,B-C,U,178,141,8,1,3,0,331,523,0,0,1,0,0,523
3450,9,9,11,11,9-8,1149,B-C,M,151,251,11,3,5,8,429,624,1,0,1,0,0,624
3215,9,9,11,11,9-30,943,B-C,U,136,264,16,5,4,21,446,603,1,0,1,0,0,603
3395,15,9,11,11,9-49,1099,B-C,U,171,184,8,5,2,13,383,684,0,1,1,0,0,684
3251,15,9,11,11,9-43,973,B-C,U,191,199,10,1,3,15,419,744,1,0,1,0,0,744
3448,9,9,11,11,9-23,1143,B-C,U,289,67,8,2,1,19,386,691,0,0,1,0,0,691
3368,15,9,12,11,9-69,1088,B-C,U,115,126,2,2,2,6,253,477,0,0,1,0,0,477
