casilla_id,distrito_fed_17,distrito_fed_12,distrito_loc_17,distrito_loc_12,are,seccion,casilla,tipo_seccion,pri_pvem,pan_na,prd,pt,mc,otros,total,ln,tamano_md,tamano_gd,region,casilla_ex,rural,ln_total
6313,10,10,20,21,10-18,2269,B-C,U,99,159,18,5,3,16,300,489,0,0,2,0,0,489
1623,5,6,6,6,6-64,1522,B-C,U,145,113,9,3,1,13,284,388,0,0,1,0,0,388
2903,13,7,13,10,7-17,2061,B-C,U,144,117,45,1,4,10,321,503,1,0,1,0,0,503
2742,1,4,8,9,4-10,765,B-C,U,159,161,18,4,1,16,359,563,1,0,1,0,0,563
324,2,2,2,2,2-69,2505,B-C,U,165,153,86,12,5,13,434,689,1,0,2,0,0,689
1434,5,5,5,5,5-68,1794,B-C,U,190,216,19,2,2,10,439,701,0,1,1,0,0,701
6287,10,13,19,21,13-39,709,B-C,R,89,222,7,2,1,11,332,628,0,0,2,0,1,628
2523,2,2,9,9,2-1,141,B-C,M,126,155,18,5,7,8,319,633,1,0,2,0,0,633
4398,12,12,16,15,12-45,366,B-C,U,172,242,30,4,3,16,467,742,1,0,2,0,0,742
6501,14,14,22,22,14-10,75,B-C,U,113,234,47,9,8,15,426,732,0,0,2,0,0,732
482,1,1,2,2,1-41,2578,B-C,R,55,147,16,5,3,22,248,552,0,0,2,0,1,552
2326,4,4,8,8,4-71,884,B-C,R,92,26,5,0,2,5,130,232,0,0,1,0,1,232
5586,7,11,18,18,11-30,1998,B-C,R,218,87,6,3,1,13,328,594,1,0,1,0,1,594
4292,8,8,17,14,8-30,2620,B-C,U,164,265,12,9,2,5,457,649,1,0,2,0,0,649
3640,15,4,12,12,4-95,1028,B-C,U,244,144,11,2,5,2,408,681,1,0,1,0,0,681
3625,15,9,12,12,9-61,1005,B-C,U,111,115,8,4,4,0,242,434,0,0,1,0,0,434
2065,6,6,4,7,6-29,1632,B-C,NA,203,199,7,1,5,9,424,743,0,1,1,0,0,743
749,3,5,7,3,5-26,1710,B-C,U,159,181,14,3,3,12,372,500,0,0,1,0,0,500
993,3,3,4,4,3-20,1296,B-C,U,152,139,9,0,2,3,305,435,0,0,1,0,0,435
4599,12,13,15,15,13-16,541,B-C,R,69,252,14,3,0,9,347,570,1,0,2,0,1,570
6007,10,10,20,20,10-63,2791,B-C,U,160,221,14,2,1,15,413,725,1,0,2,0,0,725
5753,13,13,19,19,13-57,2832,B-C,U,76,221,66,4,6,12,385,561,1,0,2,0,0,561
992,3,3,4,4,3-20,1296,B-C,U,140,133,7,3,3,13,299,435,0,0,1,0,0,435
1307,6,6,7,5,6-62,1447,B-C,U,150,171,13,7,3,6,350,533,0,0,1,0,0,533
198,4,1,1,1,1-70,2393,B-C,R,116,152,5,0,3,8,284,439,0,0,1,0,1,439
3027,7,7,10,10,7-40,2469,B-C,U,113,211,4,3,0,11,342,642,1,0,1,0,0,642
594,1,1,2,2,1-20,2905,B-C,R,126,206,52,2,1,10,397,542,1,0,2,0,1,542
3723,9,4,11,12,4-98,1117,B-C,M,191,178,13,3,2,13,400,698,1,0,1,0,0,698
6295,10,13,19,21,13-43,714,B-C,U,47,152,21,1,1,23,245,553,0,0,2,0,0,553
4189,8,8,14,14,8-86,2168,B-C,U,136,137,16,5,6,12,312,491,0,0,2,0,0,491
5618,7,11,18,18,11-24,2017,B-C,R,165,55,6,1,0,12,239,524,1,0,1,0,1,524
2916,13,7,13,10,7-16,2066,B-C,U,138,169,42,1,5,10,365,547,1,0,1,0,0,547
6301,10,10,20,21,10-16,2263,B-C,U,162,244,30,6,13,26,481,694,1,0,2,0,0,694
4298,8,8,17,14,8-36,2622,B-C,U,120,294,8,1,6,7,436,677,1,0,2,0,0,677
4595,12,13,15,15,13-16,538,E,R,104,197,11,2,0,13,327,509,1,0,2,1,1,509
32,1,4,1,1,4-13,779,E,R,42,61,10,5,1,11,130,248,0,0,1,1,1,248
4793,12,12,15,16,12-3,419,B-C,U,158,192,18,9,2,10,389,603,0,0,2,0,0,603
6161,10,10,20,20,10-93,2997,B-C,R,202,158,3,1,1,8,373,737,1,0,2,0,1,737
2075,11,6,21,7,6-34,1634,B-C,U,211,253,19,9,1,4,497,750,0,1,1,0,0,750
559,1,2,2,2,2-92,2783,B-C,R,117,268,160,4,3,22,574,726,1,0,2,0,1,726
4526,12,13,15,15,13-9,485,B-C,U,121,147,14,5,1,11,299,546,1,0,2,0,0,546
3967,8,8,14,13,8-70,2179,B-C,U,189,235,15,11,11,11,472,714,1,0,2,0,0,714
6144,10,10,20,20,10-94,2987,B-C,R,95,88,15,6,2,18,224,508,1,0,2,0,1,508
5458,7,11,18,18,11-39,1930,B-C,U,228,199,16,2,3,0,448,623,1,0,1,0,0,623
5902,13,13,19,19,13-95,2887,B-C,R,19,87,55,0,0,9,170,431,1,0,2,0,1,431
702,3,5,3,3,5-10,1688,B-C,U,111,189,7,2,2,5,316,461,0,0,1,0,0,461
1246,3,3,4,4,3-79,1496,B-C,NA,136,138,4,4,1,7,290,746,0,1,1,0,0,746
5724,13,13,19,19,13-56,2819,B-C,M,69,204,53,6,7,17,356,530,1,0,2,0,0,530
3579,9,4,12,12,4-93,979,B-C,U,138,123,11,6,2,7,287,516,1,0,1,0,0,516
3532,9,9,11,12,9-31,948,B-C,U,155,289,12,0,4,6,466,641,1,0,1,0,0,641
3137,9,7,13,10,7-68,2684,B-C,U,208,177,3,6,0,22,416,708,1,0,1,0,0,708
6637,14,14,22,22,14-76,657,B-C,R,155,167,89,9,1,29,450,690,0,0,2,0,1,690
3931,8,8,14,13,8-68,2133,B-C,U,151,191,23,17,3,8,393,509,1,0,2,0,0,509
5650,13,11,18,19,11-56,922,B-C,R,165,108,44,2,1,12,332,532,1,0,1,0,1,532
3947,8,8,14,13,8-71,2166,B-C,U,149,186,16,13,4,16,384,652,1,0,2,0,0,652
1193,3,3,3,4,3-71,1472,E,R,24,83,0,2,0,3,112,99,0,0,1,1,1,99
2585,2,2,9,9,2-9,164,B-C,U,175,155,14,6,5,11,366,634,1,0,2,0,0,634
4829,12,12,15,16,12-9,453,B-C,U,135,126,18,6,1,10,296,503,1,0,2,0,0,503
4491,12,13,15,15,13-4,450,B-C,U,198,269,18,19,3,17,524,690,1,0,2,0,0,690
3936,8,8,14,13,8-69,2143,B-C,U,119,145,11,3,1,7,286,432,0,0,2,0,0,432
2780,1,4,1,9,4-22,791,B-C,R,133,132,8,8,0,17,298,567,1,0,1,0,1,567
3075,7,7,10,10,7-47,2482,B-C,M,143,163,1,1,0,12,320,567,1,0,1,0,0,567
1191,3,3,3,4,3-72,1470,B-C,R,40,81,0,0,0,8,129,177,0,0,1,0,1,177
1682,11,6,21,6,6-43,1560,B-C,U,166,138,17,6,0,5,332,498,0,0,1,0,0,498
5740,13,13,19,19,13-60,2826,B-C,U,87,204,58,2,7,33,391,620,1,0,2,0,0,620
5199,2,2,17,17,2-68,622,B-C,M,158,170,17,3,4,15,367,476,0,0,2,0,0,476
4476,12,12,15,15,12-55,435,B-C,U,129,204,14,2,1,9,359,520,1,0,2,0,0,520
75,1,4,8,1,4-68,812,B-C,R,49,55,4,3,0,12,123,274,0,0,1,0,1,274
2622,2,2,9,9,2-33,179,B-C,R,67,139,6,5,1,16,234,447,0,0,2,0,1,447
2564,2,2,9,9,2-5,156,B-C,U,172,192,19,4,3,19,409,713,1,0,2,0,0,713
2595,2,2,9,9,2-14,169,B-C,U,151,219,22,7,6,16,421,675,1,0,2,0,0,675
4690,12,12,16,16,12-31,338,B-C,U,157,215,21,3,5,8,409,616,1,0,2,0,0,616
4283,8,8,17,14,8-31,2615,B-C,U,143,219,27,4,2,9,404,593,1,0,2,0,0,593
1419,5,5,7,5,5-34,1789,B-C,U,123,165,4,4,4,9,309,468,0,0,1,0,0,468
3251,15,9,11,11,9-43,973,B-C,U,191,199,10,1,3,15,419,744,1,0,1,0,0,744
5043,14,14,22,17,14-48,273,B-C,R,87,106,4,6,114,23,340,652,1,0,2,0,1,652
801,5,5,5,3,5-57,1734,B-C,U,179,249,5,5,4,16,458,693,1,0,1,0,0,693
2231,4,4,8,8,4-50,843,B-C,U,223,171,33,5,6,18,456,630,0,0,1,0,0,630
6297,10,13,19,21,13-43,715,B-C,U,27,77,8,2,0,8,122,385,0,0,2,0,0,385
3210,9,9,11,11,9-29,937,B-C,U,186,216,19,6,8,21,456,743,1,0,1,0,0,743
4684,12,12,16,16,12-38,336,B-C,U,168,212,34,4,6,15,439,728,0,1,2,0,0,728
125,4,1,1,1,1-64,2356,B-C,M,134,191,5,29,0,14,373,610,1,0,1,0,0,610
6688,14,14,22,22,14-91,1231,B-C,R,22,35,20,0,1,4,82,122,0,0,2,0,1,122
4657,8,8,17,15,8-17,2928,B-C,M,97,167,10,7,2,4,287,466,0,0,2,0,0,466
383,2,2,2,2,2-80,2530,B-C,R,170,156,10,5,1,0,342,655,1,0,2,0,1,655
3494,15,9,12,11,9-18,1170,B-C,M,103,147,12,3,3,20,288,533,1,0,1,0,0,533
850,5,5,7,3,5-29,1756,B-C,U,107,168,11,2,0,8,296,426,0,0,1,0,0,426
1918,6,3,7,7,3-53,1396,B-C,U,191,174,2,3,0,7,377,647,1,0,1,0,0,647
561,1,2,2,2,2-89,2784,B-C,R,51,293,72,2,0,14,432,587,1,0,2,0,1,587
6266,10,13,19,21,13-36,697,B-C,U,88,175,11,3,2,11,290,606,1,0,2,0,0,606
5732,13,13,19,19,13-57,2823,B-C,U,122,266,45,8,3,19,463,702,1,0,2,0,0,702
696,3,5,3,3,5-8,1686,B-C,U,153,136,12,2,0,10,313,467,0,0,1,0,0,467
1489,5,5,5,5,5-77,1823,B-C,U,179,207,3,1,2,9,401,650,1,0,1,0,0,650
2045,11,6,21,7,6-37,1630,B-C,U,166,163,9,3,1,6,348,475,0,0,1,0,0,475
4106,8,8,14,14,8-77,2110,B-C,U,206,200,25,21,7,9,468,673,1,0,2,0,0,673
1158,6,3,4,4,3-29,1367,B-C,U,170,199,11,2,4,5,391,576,1,0,1,0,0,576
6411,10,10,20,21,10-36,2325,B-C,U,144,94,10,2,3,10,263,461,0,0,2,0,0,461
545,1,1,2,2,1-19,2605,B-C,R,287,157,1,0,0,8,453,661,0,0,2,0,1,661
3678,15,9,12,12,9-78,1060,B-C,U,170,240,14,3,0,14,441,710,1,0,1,0,0,710
1444,5,5,7,5,5-43,1799,B-C,U,199,190,4,0,1,1,395,603,0,0,1,0,0,603
512,1,1,2,2,1-53,2590,B-C,R,85,208,26,9,0,29,357,691,1,0,2,0,1,691
3531,9,9,11,12,9-31,948,B-C,U,170,288,10,0,3,8,479,641,1,0,1,0,0,641
828,5,5,5,3,5-56,1747,B-C,U,173,152,6,3,6,26,366,603,1,0,1,0,0,603
4945,12,12,15,16,12-79,543,B-C,U,139,173,6,4,0,10,332,590,1,0,2,0,0,590
3627,15,9,12,12,9-61,1014,B-C,U,185,192,9,5,2,7,400,696,0,0,1,0,0,696
4622,8,8,17,15,8-12,2913,B-C,U,120,280,20,13,8,11,452,625,1,0,2,0,0,625
760,3,5,7,3,5-20,1715,B-C,U,156,166,10,1,0,8,341,445,0,0,1,0,0,445
689,3,5,3,3,5-7,1682,B-C,U,146,180,9,1,4,3,343,478,0,0,1,0,0,478
5126,14,14,9,17,14-66,313,B-C,R,106,100,12,1,2,17,238,432,1,0,2,0,1,432
5803,13,13,19,19,13-73,2850,E,R,24,51,27,2,1,13,118,309,1,0,2,1,1,309
2218,4,4,8,8,4-44,836,B-C,U,150,91,44,7,2,7,301,546,1,0,1,0,0,546
5216,2,2,17,17,2-52,630,B-C,R,123,418,32,2,2,17,594,702,1,0,2,0,1,702
4167,8,8,14,14,8-85,2148,B-C,U,113,155,16,5,4,5,298,409,0,0,2,0,0,409
6502,14,14,22,22,14-10,76,B-C,U,77,140,18,3,2,15,255,428,0,0,2,0,0,428
6629,14,14,22,22,14-75,653,B-C,M,98,115,30,9,0,10,262,401,0,0,2,0,0,401
2390,4,4,8,8,4-87,912,E,R,27,128,32,2,2,9,200,314,1,0,1,1,1,314
65,1,4,8,1,4-32,800,B-C,R,72,93,6,9,7,8,195,404,0,0,1,0,1,404
2363,4,4,8,8,4-81,902,B-C,U,150,173,16,7,2,8,356,648,1,0,1,0,0,648
5791,13,13,19,19,13-70,2847,B-C,U,49,181,93,4,1,17,345,592,1,0,2,0,0,592
2488,9,7,13,8,7-81,2698,B-C,R,106,218,17,4,1,27,373,653,1,0,1,0,1,653
5127,14,14,9,17,14-66,313,B-C,R,103,108,11,3,0,12,237,432,1,0,2,0,1,432
4173,8,8,14,14,8-84,2157,B-C,U,176,208,19,23,2,20,448,643,0,0,2,0,0,643
1728,11,6,6,6,6-70,1594,B-C,U,217,198,18,1,2,17,453,678,1,0,1,0,0,678
1913,6,3,7,7,3-52,1394,B-C,U,172,285,13,6,6,20,502,667,1,0,1,0,0,667
2314,4,4,8,8,4-66,878,B-C,M,216,161,45,6,3,16,447,748,0,1,1,0,0,748
648,5,5,7,3,5-31,1399,B-C,U,121,168,9,4,2,6,310,431,0,0,1,0,0,431
373,2,2,2,2,2-72,2525,B-C,R,97,90,7,6,0,15,215,393,0,0,2,0,1,393
1228,6,3,4,4,3-82,1495,B-C,M,154,217,7,2,3,18,401,746,1,0,1,0,0,746
1395,6,6,7,5,6-63,1515,B-C,U,216,248,13,4,6,19,506,693,0,0,1,0,0,693
2999,7,7,10,10,7-34,2454,B-C,U,91,250,7,1,0,5,354,527,1,0,1,0,0,527
2688,2,2,9,9,2-48,218,B-C,R,130,237,6,3,4,20,400,721,1,0,2,0,1,721
2019,11,6,21,7,6-41,1583,B-C,U,154,188,10,3,2,7,364,504,1,0,1,0,0,504
3739,9,4,11,12,4-100,1126,B-C,R,278,67,8,4,0,0,357,652,1,0,1,0,1,652
2580,2,2,9,9,2-10,162,B-C,U,103,135,10,3,4,17,272,423,0,0,2,0,0,423
5631,7,11,18,18,11-27,2023,B-C,R,66,137,10,1,0,11,225,435,0,0,1,0,1,435
5570,7,11,18,18,11-8,1989,B-C,U,73,120,9,2,0,8,212,385,0,0,1,0,0,385
5310,14,10,15,17,10-61,2773,B-C,R,119,95,56,4,1,20,295,461,0,0,2,0,1,461
2910,13,7,13,10,7-15,2064,B-C,U,139,193,63,2,7,4,408,661,1,0,1,0,0,661
3026,7,7,10,10,7-40,2468,B-C,U,141,208,9,1,1,9,369,624,1,0,1,0,0,624
61,1,4,1,1,4-25,797,B-C,R,134,181,9,2,0,11,337,556,1,0,1,0,1,556
722,3,5,3,3,5-13,1696,B-C,U,127,206,15,5,2,7,362,571,1,0,1,0,0,571
6285,10,13,19,21,13-41,708,B-C,R,116,138,4,1,1,13,273,552,1,0,2,0,1,552
4769,12,12,15,16,12-2,391,B-C,U,135,161,14,9,0,11,330,489,0,0,2,0,0,489
3609,15,4,12,12,4-93,997,B-C,U,159,140,11,6,1,17,334,559,1,0,1,0,0,559
5239,2,2,17,17,2-68,641,B-C,R,91,262,11,1,1,19,385,717,1,0,2,0,1,717
4797,12,12,16,16,12-6,422,B-C,U,175,215,21,4,4,14,433,596,1,0,2,0,0,596
6682,14,14,22,22,14-98,1227,B-C,R,123,146,21,3,4,26,323,576,0,0,2,0,1,576
4605,8,8,17,15,8-14,2906,B-C,U,127,302,28,22,6,16,501,715,1,0,2,0,0,715
4518,12,13,15,15,13-9,480,B-C,U,172,134,26,1,3,22,358,649,1,0,2,0,0,649
1590,5,5,5,5,5-80,3017,B-C,U,127,142,5,1,1,5,281,455,0,0,1,0,0,455
272,4,1,1,1,1-89,2435,B-C,R,114,89,14,4,0,18,239,401,0,0,1,0,1,401
1503,5,5,6,5,5-41,1830,B-C,U,123,155,1,1,1,7,288,450,0,0,1,0,0,450
1626,6,6,7,6,6-61,1525,B-C,U,117,146,0,10,2,7,282,401,0,0,1,0,0,401
1170,20,3,21,4,3-69,1392,B-C,NA,192,214,13,2,6,8,435,734,0,1,1,0,0,734
636,3,5,3,3,5-14,1282,B-C,U,223,293,18,1,5,13,553,707,0,1,1,0,0,707
6037,10,10,20,20,10-70,2802,B-C,U,120,185,15,1,2,5,328,505,1,0,2,0,0,505
5728,13,13,19,19,13-58,2821,B-C,U,89,199,24,4,4,5,325,486,0,0,2,0,0,486
3453,9,9,11,11,9-9,1150,B-C,U,164,228,5,2,0,8,407,570,1,0,1,0,0,570
24,1,4,1,1,4-13,776,B-C,R,54,210,7,7,0,17,295,602,0,0,1,0,1,602
5149,14,14,9,17,14-69,324,B-C,M,133,143,20,5,4,11,316,589,1,0,2,0,0,589
5919,10,10,20,20,10-2,1862,B-C,U,167,222,31,5,5,12,442,716,0,0,2,0,0,716
2931,13,7,13,10,7-20,2074,B-C,R,76,85,50,1,3,9,224,520,1,0,1,0,1,520
445,1,1,2,2,1-45,2556,B-C,U,156,180,20,15,15,31,417,740,1,0,2,0,0,740
1636,11,6,6,6,6-58,1534,B-C,U,117,193,5,0,3,8,326,459,0,0,1,0,0,459
5371,7,11,10,18,11-94,603,B-C,R,129,60,3,6,0,8,206,436,0,0,1,0,1,436
287,4,1,1,1,1-91,2445,B-C,R,66,170,2,3,0,15,256,411,0,0,1,0,1,411
5223,2,2,17,17,2-58,634,B-C,R,92,147,22,4,5,13,283,413,0,0,2,0,1,413
2775,1,4,1,9,4-16,784,B-C,R,119,225,5,8,4,13,374,622,1,0,1,0,1,622
3838,13,11,18,13,11-81,15,B-C,R,35,100,6,0,0,8,149,404,0,0,1,0,1,404
5726,13,13,19,19,13-57,2820,B-C,U,85,162,25,2,1,11,286,411,0,0,2,0,0,411
3606,15,9,12,12,9-60,995,B-C,U,119,123,6,4,8,16,276,446,0,0,1,0,0,446
2312,4,4,8,8,4-65,878,B-C,M,176,199,33,6,15,17,446,748,0,1,1,0,0,748
1387,5,6,6,5,6-87,1502,B-C,U,222,100,7,3,0,16,348,656,1,0,1,0,0,656
483,1,1,2,2,1-41,2578,E,R,19,38,2,1,0,3,63,160,0,0,2,1,1,160
4880,2,12,16,16,12-61,495,B-C,R,191,152,5,4,1,6,359,578,1,0,2,0,1,578
3681,15,9,12,12,9-79,1061,B-C,U,191,179,14,5,1,15,405,613,1,0,1,0,0,613
3442,9,9,11,11,9-7,1139,B-C,M,177,180,17,1,3,6,384,671,1,0,1,0,0,671
1304,6,6,7,5,6-62,1444,B-C,U,121,128,10,7,0,5,271,381,0,0,1,0,0,381
3358,15,9,12,11,9-65,1079,B-C,U,235,167,9,4,2,10,427,716,0,0,1,0,0,716
726,3,5,3,3,5-13,1697,B-C,U,242,266,12,2,3,15,540,736,1,0,1,0,0,736
174,4,1,1,1,1-84,2383,B-C,U,196,131,12,5,1,12,357,586,1,0,1,0,0,586
243,4,1,1,1,1-80,2417,B-C,R,128,100,9,1,0,13,251,513,1,0,1,0,1,513
294,1,1,2,2,1-2,333,B-C,R,240,86,3,1,0,13,343,407,0,0,2,0,1,407
6115,10,10,20,20,10-85,2969,B-C,R,87,98,9,5,0,7,206,489,0,0,2,0,1,489
4014,8,8,14,13,8-98,2193,B-C,U,175,181,27,11,6,10,410,702,0,1,2,0,0,702
1796,11,6,6,6,6-73,1625,B-C,U,154,142,13,4,0,8,321,587,1,0,1,0,0,587
754,3,5,3,3,5-46,1711,B-C,U,188,254,10,5,1,9,467,631,1,0,1,0,0,631
2909,13,7,13,10,7-15,2063,B-C,U,132,132,25,1,3,12,305,460,0,0,1,0,0,460
6341,10,10,20,21,10-21,2284,B-C,U,44,139,20,11,1,0,215,396,0,0,2,0,0,396
5094,14,14,9,17,14-58,297,B-C,U,141,153,31,8,3,12,348,561,1,0,2,0,0,561
6222,10,13,19,21,13-29,681,B-C,U,185,178,30,8,4,10,415,653,1,0,2,0,0,653
1160,6,3,4,4,3-55,1390,B-C,U,187,162,3,4,0,13,369,633,1,0,1,0,0,633
2052,6,6,4,7,6-28,1632,B-C,NA,192,230,10,4,4,4,444,743,0,1,1,0,0,743
5758,13,13,19,19,13-58,2834,B-C,U,66,207,45,5,2,10,335,512,1,0,2,0,0,512
4642,8,8,17,15,8-6,2921,B-C,M,147,245,14,4,3,13,426,585,1,0,2,0,0,585
990,3,3,3,4,3-16,1295,B-C,U,193,166,4,7,2,10,382,597,1,0,1,0,0,597
2084,11,6,21,7,6-34,1634,B-C,U,189,226,15,4,1,7,442,749,0,1,1,0,0,749
5100,14,14,9,17,14-61,301,B-C,R,254,126,5,0,1,11,397,378,1,0,2,0,1,378
4655,8,8,17,15,8-16,2927,B-C,M,151,222,12,2,3,14,404,623,1,0,2,0,0,623
2549,2,2,9,9,2-10,150,B-C,U,93,146,12,2,2,0,255,401,0,0,2,0,0,401
2299,4,4,8,8,4-63,876,B-C,M,149,156,20,3,3,8,339,650,1,0,1,0,0,650
5456,7,11,18,18,11-39,1929,B-C,U,245,190,12,1,1,5,454,673,1,0,1,0,0,673
5492,7,11,18,18,11-5,1951,B-C,R,62,28,3,0,1,4,98,238,0,0,1,0,1,238
5699,13,13,19,19,13-52,1194,B-C,U,121,126,8,0,1,4,260,435,0,0,2,0,0,435
1547,5,6,5,5,6-81,1850,B-C,U,130,150,5,1,3,11,300,538,1,0,1,0,0,538
6453,14,14,22,22,14-1,51,B-C,M,111,180,45,5,7,17,365,658,1,0,2,0,0,658
354,2,2,2,2,2-70,2515,B-C,R,176,165,12,3,1,11,368,532,1,0,2,0,1,532
1280,6,3,4,4,3-87,1505,B-C,U,165,105,5,0,1,6,282,549,1,0,1,0,0,549
6074,10,10,20,20,10-81,2950,B-C,M,114,145,12,10,2,13,296,468,0,0,2,0,0,468
1397,5,5,7,5,5-58,1779,B-C,U,154,158,6,4,3,16,341,509,1,0,1,0,0,509
3513,9,9,11,12,9-24,930,B-C,U,176,140,8,3,2,13,342,692,1,0,1,0,0,692
5355,7,11,10,18,11-105,592,B-C,R,74,128,4,2,1,14,223,335,0,0,1,0,1,335
3856,13,11,18,13,11-76,22,B-C,R,450,269,6,2,1,34,762,676,1,0,1,0,1,676
5359,7,11,10,18,11-104,595,B-C,R,82,63,30,6,0,6,187,285,0,0,1,0,1,285
734,3,5,3,3,5-24,1701,B-C,U,175,162,9,3,4,7,360,526,1,0,1,0,0,526
3738,9,4,11,12,4-101,1125,B-C,R,129,138,7,8,0,17,299,547,1,0,1,0,1,547
6177,10,10,20,20,10-99,3004,B-C,R,57,70,13,3,0,6,149,385,0,0,2,0,1,385
4586,12,13,15,15,13-15,534,B-C,R,54,171,4,3,1,5,238,381,0,0,2,0,1,381
4668,8,8,17,15,8-7,2933,B-C,R,110,227,12,3,1,16,369,574,1,0,2,0,1,574
5489,7,11,18,18,11-34,1949,B-C,R,73,139,4,2,1,21,240,444,0,0,1,0,1,444
5472,7,11,18,18,11-48,1938,B-C,R,9,61,0,0,1,0,71,95,0,0,1,0,1,95
6343,10,10,20,21,10-22,2285,B-C,M,124,197,16,7,1,14,359,647,1,0,2,0,0,647
1641,11,6,6,6,6-60,1537,B-C,U,133,224,10,4,2,13,386,599,1,0,1,0,0,599
3518,9,4,11,12,4-88,932,B-C,U,205,268,19,3,1,8,504,671,1,0,1,0,0,671
2855,7,7,10,10,7-5,2042,B-C,U,111,293,6,4,2,9,425,688,0,1,1,0,0,688
4155,8,8,14,14,8-82,2140,B-C,U,116,164,14,11,5,11,321,455,0,0,2,0,0,455
3450,9,9,11,11,9-8,1149,B-C,M,151,251,11,3,5,8,429,624,1,0,1,0,0,624
2825,1,4,8,9,4-40,822,B-C,R,144,54,3,5,0,26,232,519,1,0,1,0,1,519
804,5,5,7,3,5-36,1736,B-C,U,142,121,9,5,0,7,284,416,0,0,1,0,0,416
3886,13,11,18,13,11-66,38,B-C,R,118,300,18,10,14,18,478,705,1,0,1,0,1,705
396,2,2,2,2,2-82,2535,B-C,R,205,130,19,9,0,18,381,600,1,0,2,0,1,600
6140,10,10,20,20,10-94,2985,B-C,R,79,136,7,4,1,9,236,561,0,0,2,0,1,561
1619,6,6,7,6,6-57,1519,B-C,U,134,194,9,1,2,8,348,434,0,0,1,0,0,434
1543,5,6,6,5,6-80,1848,B-C,U,164,175,5,3,0,6,353,548,1,0,1,0,0,548
3277,15,9,12,11,9-58,1010,B-C,U,147,150,10,4,1,1,313,477,0,0,1,0,0,477
6323,10,10,20,21,10-18,2275,B-C,U,145,180,47,6,1,22,401,666,1,0,2,0,0,666
3753,9,4,11,12,4-105,1136,B-C,R,135,274,9,4,2,16,440,663,1,0,1,0,1,663
5679,13,13,19,19,13-46,1185,B-C,U,153,207,24,2,4,5,395,567,1,0,2,0,0,567
1159,6,3,4,4,3-29,1367,B-C,U,164,195,14,3,2,10,388,575,1,0,1,0,0,575
3001,7,7,10,10,7-35,2456,B-C,U,126,192,2,2,3,11,336,470,0,0,1,0,0,470
4096,8,8,14,13,8-52,2261,B-C,R,82,184,9,1,4,6,286,550,1,0,2,0,1,550
6045,10,10,20,20,10-69,2806,B-C,U,140,186,7,1,1,10,345,537,1,0,2,0,0,537
1757,11,6,6,6,6-72,1609,B-C,U,195,187,4,5,4,8,403,658,1,0,1,0,0,658
3009,7,7,10,10,7-36,2460,B-C,U,122,190,5,0,1,5,323,466,0,0,1,0,0,466
3580,9,4,12,12,4-92,980,B-C,U,197,117,12,9,0,11,346,745,0,1,1,0,0,745
4875,12,12,15,16,12-13,493,B-C,U,108,261,14,4,1,11,399,613,0,0,2,0,0,613
5188,2,2,17,17,2-50,617,B-C,U,150,245,22,4,11,7,439,651,1,0,2,0,0,651
6713,14,14,22,22,14-95,1251,B-C,R,72,75,116,1,1,25,290,573,0,0,2,0,1,573
6342,10,10,20,21,10-22,2285,B-C,M,123,248,16,5,1,14,407,647,1,0,2,0,0,647
4666,8,8,17,15,8-9,2932,B-C,M,131,174,9,2,0,9,325,536,1,0,2,0,0,536
4802,12,12,16,16,12-19,424,B-C,U,102,134,21,5,2,13,277,423,0,0,2,0,0,423
3334,15,9,12,11,9-55,1067,B-C,U,203,202,18,1,7,11,442,691,1,0,1,0,0,691
4478,12,13,15,15,13-1,436,B-C,U,148,227,33,8,5,12,433,584,1,0,2,0,0,584
1545,5,6,6,5,6-80,1849,B-C,U,155,183,11,3,3,12,367,587,1,0,1,0,0,587
2817,1,4,8,9,4-39,817,B-C,R,76,104,8,3,0,11,202,466,0,0,1,0,1,466
3937,8,8,14,13,8-69,2143,B-C,U,113,162,9,7,1,8,300,431,0,0,2,0,0,431
884,5,5,5,3,5-65,1773,B-C,U,211,211,10,4,1,11,448,731,1,0,1,0,0,731
3613,15,4,12,12,4-95,999,B-C,U,211,109,10,3,1,10,344,599,1,0,1,0,0,599
3622,15,9,12,12,9-63,1002,S,U,44,72,1,2,1,4,124,0,0,0,1,0,0,124
2463,9,7,13,8,7-70,2683,B-C,M,140,142,16,11,2,8,319,649,1,0,1,0,0,649
1417,5,5,5,5,5-66,1787,B-C,U,134,181,12,5,4,17,353,627,1,0,1,0,0,627
6202,10,13,19,21,13-24,672,B-C,U,132,181,17,0,0,9,339,519,1,0,2,0,0,519
3754,9,4,11,12,4-105,1136,B-C,R,134,265,5,3,1,22,430,662,1,0,1,0,1,662
4251,8,8,14,14,8-50,2226,B-C,R,222,238,21,7,2,11,501,731,1,0,2,0,1,731
4430,12,12,15,15,12-49,385,B-C,U,139,139,33,5,2,9,327,504,1,0,2,0,0,504
1022,3,3,3,4,3-16,1305,B-C,U,152,119,6,5,0,3,285,450,0,0,1,0,0,450
209,4,1,1,1,1-68,2399,B-C,U,114,181,13,2,0,17,327,575,1,0,1,0,0,575
3868,13,11,18,13,11-71,29,B-C,R,74,203,6,2,1,10,296,473,0,0,1,0,1,473
148,4,1,1,1,1-66,2371,B-C,R,117,205,7,13,0,19,361,593,1,0,1,0,1,593
2747,1,4,8,9,4-12,766,B-C,U,174,124,8,8,3,18,335,595,1,0,1,0,0,595
3318,15,9,12,11,9-66,1052,B-C,U,170,207,8,8,2,9,404,694,1,0,1,0,0,694
587,1,1,2,2,1-27,2902,B-C,R,135,171,19,5,0,13,343,500,1,0,2,0,1,500
3611,15,4,12,12,4-95,998,B-C,U,159,72,11,2,0,9,253,468,0,0,1,0,0,468
3881,13,11,18,13,11-67,35,B-C,R,79,150,1,2,1,9,242,448,0,0,1,0,1,448
6572,14,14,22,22,14-24,111,B-C,R,40,147,35,3,0,15,240,402,0,0,2,0,1,402
2012,11,6,21,7,6-40,1564,B-C,U,153,187,20,0,2,10,372,479,0,0,1,0,0,479
4561,2,12,16,15,12-64,514,B-C,M,185,227,23,6,7,16,464,688,1,0,2,0,0,688
1066,6,3,4,4,3-28,1322,B-C,U,196,173,8,4,1,10,392,722,0,1,1,0,0,722
4782,12,12,16,16,12-20,401,B-C,U,175,171,24,8,6,14,398,665,1,0,2,0,0,665
6482,14,14,22,22,14-8,66,B-C,U,95,110,22,2,4,10,243,389,0,0,2,0,0,389
4043,8,8,14,13,8-59,2234,B-C,U,106,177,10,7,1,26,327,665,1,0,2,0,0,665
5915,10,10,20,20,10-1,1860,B-C,U,92,181,34,2,6,10,325,554,1,0,2,0,0,554
6067,10,10,20,20,10-75,2813,B-C,R,154,132,27,5,1,12,331,691,1,0,2,0,1,691
4550,2,12,16,15,12-58,498,B-C,R,153,219,13,10,1,14,410,614,1,0,2,0,1,614
71,1,4,8,1,4-33,805,B-C,R,141,161,3,1,4,18,328,559,1,0,1,0,1,559
5469,7,11,18,18,11-50,1935,B-C,R,136,54,1,0,0,5,196,308,0,0,1,0,1,308
5495,7,11,18,18,11-3,1953,B-C,R,118,118,7,6,1,26,276,589,0,0,1,0,1,589
4865,12,12,15,16,12-16,473,B-C,U,153,155,19,5,5,8,345,732,1,0,2,0,0,732
1514,5,5,5,5,5-72,1835,B-C,U,188,139,5,1,1,0,334,606,1,0,1,0,0,606
2589,2,2,9,9,2-12,165,B-C,U,197,132,22,9,4,17,381,611,1,0,2,0,0,611
6405,10,10,20,21,10-35,2320,B-C,U,84,176,15,1,0,8,284,521,1,0,2,0,0,521
3390,15,9,11,11,9-48,1099,B-C,U,173,172,8,5,4,10,372,684,0,1,1,0,0,684
3975,8,8,14,13,8-95,2181,B-C,U,145,176,15,8,3,12,359,646,1,0,2,0,0,646
3395,15,9,11,11,9-49,1099,B-C,U,171,184,8,5,2,13,383,684,0,1,1,0,0,684
5314,14,10,15,17,10-60,2775,B-C,U,61,117,12,1,0,9,200,404,0,0,2,0,0,404
4514,12,13,15,15,13-3,478,B-C,U,137,145,22,3,4,19,330,614,1,0,2,0,0,614
4068,8,8,14,13,8-63,2246,B-C,U,90,186,13,1,0,11,301,595,1,0,2,0,0,595
612,1,1,2,2,1-13,2943,E,R,136,104,3,3,1,9,256,368,0,0,2,1,1,368
805,5,5,7,3,5-36,1736,B-C,U,117,132,6,2,5,9,271,415,0,0,1,0,0,415
6486,14,14,22,22,14-8,67,B-C,U,87,189,34,2,8,16,336,578,1,0,2,0,0,578
2725,1,4,1,9,4-7,760,B-C,U,198,188,23,2,8,17,436,717,1,0,1,0,0,717
3448,9,9,11,11,9-23,1143,B-C,U,289,67,8,2,1,19,386,691,0,0,1,0,0,691
3169,9,7,13,10,7-88,2716,B-C,R,78,129,13,2,2,7,231,471,0,0,1,0,1,471
1779,11,6,21,6,6-45,1614,B-C,U,199,248,14,2,2,12,477,726,0,1,1,0,0,726
5685,13,13,19,19,13-48,1188,B-C,U,150,171,16,4,5,3,349,570,1,0,2,0,0,570
6058,10,10,20,20,10-73,2809,B-C,U,125,183,18,9,4,14,353,666,1,0,2,0,0,666
5483,7,11,18,18,11-1,1945,B-C,R,90,103,3,0,1,13,210,431,0,0,1,0,1,431
2853,7,7,10,10,7-5,2041,B-C,U,179,312,3,4,1,9,508,690,1,0,1,0,0,690
4426,12,12,15,15,12-50,384,B-C,U,139,193,26,10,3,20,391,566,1,0,2,0,0,566
673,3,5,3,3,5-6,1678,B-C,U,124,133,5,5,2,4,273,424,0,0,1,0,0,424
1557,5,6,5,5,6-81,1855,B-C,U,165,183,10,1,1,15,375,646,1,0,1,0,0,646
878,5,5,5,3,5-63,1770,B-C,U,145,166,2,3,1,11,328,539,1,0,1,0,0,539
2419,9,7,13,8,7-62,2659,B-C,U,176,115,10,2,1,0,304,589,1,0,1,0,0,589
3069,7,7,10,10,7-46,2480,B-C,R,112,182,2,0,1,11,308,534,1,0,1,0,1,534
5319,7,11,10,18,11-99,567,B-C,M,124,210,20,9,2,5,370,568,1,0,1,0,0,568
3598,15,9,12,12,9-41,986,B-C,U,189,148,4,0,3,5,349,501,0,0,1,0,0,501
1960,6,3,7,7,3-60,1430,B-C,U,126,226,10,4,3,11,380,596,0,0,1,0,0,596
4220,8,8,14,14,8-44,2209,B-C,R,140,130,10,3,0,13,296,529,1,0,2,0,1,529
2176,11,6,6,7,6-8,1664,B-C,R,238,193,10,1,1,12,455,728,1,0,1,0,1,728
1990,6,3,21,7,3-65,1453,S,U,24,60,10,1,3,2,100,0,1,0,1,0,0,100
1822,11,6,6,6,6-77,1649,B-C,U,230,126,4,0,0,6,366,635,1,0,1,0,0,635
1967,6,3,21,7,3-65,1436,B-C,U,189,139,5,0,1,10,344,535,1,0,1,0,0,535
370,2,2,2,2,2-71,2524,B-C,M,200,187,26,5,8,19,445,713,1,0,2,0,0,713
6052,10,10,20,20,10-72,2808,B-C,U,111,159,9,5,2,17,303,570,1,0,2,0,0,570
4396,12,12,16,15,12-40,365,B-C,U,168,194,15,8,1,8,394,610,0,0,2,0,0,610
6348,10,10,20,21,10-24,2288,B-C,U,116,149,23,2,2,15,307,534,1,0,2,0,0,534
5625,7,11,18,18,11-25,2019,B-C,R,71,117,18,3,0,7,216,394,0,0,1,0,1,394
5172,2,2,17,17,2-54,611,B-C,U,103,187,7,4,3,17,321,550,1,0,2,0,0,550
377,2,2,2,2,2-78,2527,B-C,R,136,135,39,6,2,33,351,608,1,0,2,0,1,608
4504,12,13,15,15,13-7,475,B-C,U,157,191,20,4,4,14,390,656,1,0,2,0,0,656
589,1,1,2,2,1-28,2903,B-C,R,191,132,43,1,0,24,391,541,1,0,2,0,1,541
3771,9,4,11,12,4-106,1145,B-C,U,109,124,5,4,2,10,254,425,0,0,1,0,0,425
4727,12,12,16,16,12-32,350,B-C,U,153,159,14,6,4,16,352,602,1,0,2,0,0,602
1644,6,6,6,6,6-61,1538,B-C,U,148,216,2,5,1,17,389,612,1,0,1,0,0,612
1104,3,3,7,4,3-37,1337,B-C,U,176,234,14,1,1,8,434,632,1,0,1,0,0,632
5228,2,2,17,17,2-58,636,B-C,U,130,159,8,4,4,15,320,584,1,0,2,0,0,584
6508,14,14,22,22,14-11,79,B-C,U,85,178,65,7,3,19,357,704,1,0,2,0,0,704
5940,10,10,20,20,10-6,1872,B-C,U,88,219,50,3,5,21,386,680,1,0,2,0,0,680
4383,12,12,16,15,12-34,349,B-C,U,112,187,21,4,2,9,335,627,1,0,2,0,0,627
4052,8,8,14,13,8-102,2239,B-C,U,82,212,12,1,4,7,318,552,1,0,2,0,0,552
4879,2,12,16,16,12-61,495,B-C,R,322,304,10,3,1,7,647,578,1,0,2,0,1,578
6459,14,14,22,22,14-3,54,B-C,U,75,148,35,2,2,5,267,409,0,0,2,0,0,409
5018,14,14,22,17,14-40,258,B-C,M,106,149,10,3,139,36,443,654,1,0,2,0,0,654
5093,14,14,9,17,14-58,297,B-C,U,111,181,42,12,4,15,365,561,1,0,2,0,0,561
1674,11,6,6,6,6-58,1556,B-C,U,167,148,4,3,1,0,323,559,1,0,1,0,0,559
1187,20,3,21,4,3-68,1392,B-C,NA,204,238,11,1,5,12,471,734,0,1,1,0,0,734
6090,10,10,20,20,10-81,2958,B-C,U,142,187,9,42,4,23,407,675,1,0,2,0,0,675
2707,2,2,9,9,2-44,230,B-C,R,65,99,5,1,0,10,180,393,0,0,2,0,1,393
2460,9,7,13,8,7-70,2683,B-C,M,155,152,11,0,2,6,326,650,1,0,1,0,0,650
6337,10,10,20,21,10-20,2282,B-C,U,86,142,18,6,2,13,267,484,0,0,2,0,0,484
2258,4,4,8,8,4-53,855,B-C,U,180,133,19,6,2,11,351,552,1,0,1,0,0,552
36,1,4,1,1,4-19,781,B-C,R,88,260,9,5,1,1,364,675,1,0,1,0,1,675
6697,14,14,22,22,14-92,1239,B-C,R,42,79,17,1,0,18,157,378,0,0,2,0,1,378
4258,8,8,14,14,8-50,2229,B-C,R,96,161,8,0,0,10,275,445,0,0,2,0,1,445
4227,8,8,14,14,8-43,2213,B-C,R,61,104,42,5,3,29,244,443,0,0,2,0,1,443
2260,4,4,8,8,4-57,857,B-C,U,259,144,31,8,7,16,465,703,1,0,1,0,0,703
5856,13,13,19,19,13-86,2871,E,R,36,89,53,3,2,19,202,389,1,0,2,1,1,389
4169,8,8,14,14,8-74,2152,B-C,U,147,188,10,7,4,12,368,562,0,0,2,0,0,562
3567,15,4,12,12,4-95,968,B-C,U,52,88,5,0,0,2,147,417,0,0,1,0,0,417
6556,14,14,22,22,14-26,102,B-C,U,38,147,43,10,2,14,254,552,1,0,2,0,0,552
524,1,1,2,2,1-55,2596,B-C,R,85,142,14,5,0,15,261,514,0,0,2,0,1,514
3054,7,7,10,10,7-44,2477,B-C,U,121,240,12,0,1,12,386,702,0,1,1,0,0,702
2876,7,7,10,10,7-7,2047,B-C,R,121,162,4,1,0,13,301,462,0,0,1,0,1,462
5032,14,14,22,17,14-44,265,B-C,U,112,142,61,4,12,19,350,605,1,0,2,0,0,605
4799,12,12,16,16,12-19,423,B-C,U,85,119,11,3,3,7,228,377,0,0,2,0,0,377
2905,13,7,13,10,7-19,2062,B-C,U,175,159,54,4,1,11,404,594,1,0,1,0,0,594
1192,3,3,3,4,3-71,1472,B-C,R,19,54,2,0,1,3,79,299,0,0,1,0,1,299
4233,8,8,14,14,8-46,2217,B-C,R,105,193,6,7,2,12,325,569,1,0,2,0,1,569
2730,1,4,1,9,4-7,760,B-C,U,203,200,10,4,5,11,433,716,1,0,1,0,0,716
3195,9,7,13,10,7-95,2730,B-C,R,157,176,6,5,1,14,359,737,1,0,1,0,1,737
1386,5,6,6,5,6-87,1502,B-C,U,202,87,5,2,1,13,310,657,1,0,1,0,0,657
6562,14,14,22,22,14-21,105,B-C,R,94,95,60,1,3,19,272,466,0,0,2,0,1,466
141,4,1,1,1,1-67,2366,B-C,R,141,117,6,11,0,16,291,652,0,0,1,0,1,652
62,1,4,1,1,4-25,797,E,R,98,194,9,1,0,24,326,571,1,0,1,1,1,571
2444,9,7,13,8,7-72,2670,B-C,U,166,170,16,1,4,9,366,628,1,0,1,0,0,628
429,1,1,2,2,1-48,2550,B-C,U,168,159,25,5,10,17,384,650,1,0,2,0,0,650
2729,1,4,1,9,4-7,760,B-C,U,209,202,8,3,6,18,446,717,1,0,1,0,0,717
5428,7,11,18,18,11-41,1916,B-C,U,132,226,11,2,0,9,380,588,1,0,1,0,0,588
761,3,5,7,3,5-20,1715,B-C,U,132,187,6,1,4,6,336,444,0,0,1,0,0,444
4455,12,12,15,15,12-51,412,B-C,U,179,247,41,7,4,2,480,693,0,1,2,0,0,693
4834,12,12,15,16,12-12,456,B-C,U,169,274,32,9,11,9,504,711,1,0,2,0,0,711
2418,9,7,13,8,7-62,2659,B-C,U,166,123,14,6,2,0,311,590,1,0,1,0,0,590
1048,3,3,3,4,3-26,1315,B-C,U,137,163,3,1,1,5,310,465,0,0,1,0,0,465
5646,13,11,18,19,11-56,920,B-C,R,102,99,26,3,0,4,234,425,0,0,1,0,1,425
2073,11,6,21,7,6-27,1633,B-C,U,191,191,14,6,0,8,410,703,1,0,1,0,0,703
983,3,3,3,4,3-11,1292,B-C,U,164,207,13,2,1,11,398,635,1,0,1,0,0,635
1881,3,3,7,7,3-45,1371,B-C,U,96,149,5,1,0,8,259,387,0,0,1,0,0,387
6389,10,10,20,21,10-33,2312,B-C,U,106,184,14,5,2,7,318,501,1,0,2,0,0,501
3035,7,7,10,10,7-41,2471,B-C,U,143,282,6,2,0,9,442,743,1,0,1,0,0,743
4729,12,12,16,16,12-32,351,B-C,U,165,172,25,9,5,17,393,535,1,0,2,0,0,535
4236,8,8,14,14,8-42,2219,B-C,U,73,178,12,8,4,13,288,536,1,0,2,0,0,536
5904,13,13,19,19,13-93,2888,B-C,M,30,39,105,1,0,14,189,413,1,0,2,0,0,413
4397,12,12,16,15,12-45,366,B-C,U,196,204,31,9,1,17,458,742,1,0,2,0,0,742
124,4,1,1,1,1-64,2356,B-C,M,144,181,10,27,2,14,378,610,1,0,1,0,0,610
1740,11,6,6,6,6-76,1600,B-C,U,170,186,11,2,0,14,383,588,1,0,1,0,0,588
3127,9,7,13,10,7-66,2676,B-C,U,158,196,8,3,0,14,379,621,1,0,1,0,0,621
2633,2,2,9,9,2-16,186,B-C,U,118,93,7,2,0,8,228,404,0,0,2,0,0,404
3368,15,9,12,11,9-69,1088,B-C,U,115,126,2,2,2,6,253,477,0,0,1,0,0,477
5404,13,11,10,18,11-89,731,B-C,R,75,110,54,1,0,15,255,389,0,0,1,0,1,389
5065,14,14,22,17,14-52,287,B-C,R,80,61,8,7,83,25,264,450,0,0,2,0,1,450
1090,3,3,7,4,3-31,1332,B-C,U,142,204,10,3,3,17,379,655,1,0,1,0,0,655
3065,7,7,10,10,7-43,2479,B-C,U,130,206,8,1,1,5,351,589,1,0,1,0,0,589
3121,9,7,13,10,7-65,2665,B-C,U,128,130,7,6,2,9,282,544,1,0,1,0,0,544
4250,8,8,14,14,8-50,2226,B-C,R,170,246,20,5,0,17,458,732,1,0,2,0,1,732
6720,14,14,22,22,14-97,1256,B-C,R,107,82,41,1,3,12,246,453,0,0,2,0,1,453
4716,12,12,16,16,12-22,343,B-C,U,187,211,44,5,8,15,470,746,0,1,2,0,0,746
1766,11,6,6,6,6-51,1612,B-C,U,196,125,3,0,0,14,338,544,1,0,1,0,0,544
5591,7,11,18,18,11-21,2002,B-C,R,222,94,5,1,0,13,335,541,1,0,1,0,1,541
1459,5,5,5,5,5-67,1807,B-C,U,115,122,10,1,1,10,259,450,0,0,1,0,0,450
1415,5,5,5,5,5-66,1787,B-C,U,155,198,6,0,2,7,368,627,1,0,1,0,0,627
4833,12,12,15,16,12-10,455,B-C,U,120,131,14,3,3,13,284,499,0,0,2,0,0,499
5328,7,11,10,18,11-97,572,B-C,U,140,134,4,5,0,13,296,457,0,0,1,0,0,457
1168,20,3,21,4,3-67,1392,B-C,NA,183,236,22,7,5,11,464,734,0,1,1,0,0,734
2430,9,7,13,8,7-64,2664,B-C,U,127,171,14,4,2,18,336,651,1,0,1,0,0,651
469,1,1,2,2,1-32,2569,B-C,R,109,155,25,10,0,32,331,540,0,0,2,0,1,540
3315,15,9,12,11,9-47,1051,B-C,U,165,149,6,5,1,8,334,523,1,0,1,0,0,523
3298,15,9,11,11,9-45,1036,B-C,U,148,182,8,3,0,9,350,600,1,0,1,0,0,600
4918,2,12,16,16,12-73,518,B-C,U,176,173,65,5,2,20,441,745,1,0,2,0,0,745
5340,7,11,10,18,11-106,579,B-C,R,164,78,1,6,0,7,256,499,0,0,1,0,1,499
1836,11,6,6,6,6-16,1658,B-C,R,233,140,2,1,1,13,390,673,1,0,1,0,1,673
4814,12,12,15,16,12-7,441,B-C,U,177,196,22,6,8,15,424,623,0,0,2,0,0,623
1328,5,6,6,5,6-85,1469,B-C,U,116,74,4,1,0,0,195,387,0,0,1,0,0,387
661,3,5,3,3,5-6,1675,B-C,U,193,235,6,4,3,12,453,715,1,0,1,0,0,715
6575,14,14,22,22,14-24,113,B-C,R,149,172,55,8,2,32,418,704,0,0,2,0,1,704
6064,10,10,20,20,10-76,2812,B-C,R,150,163,13,2,0,22,350,611,0,0,2,0,1,611
3215,9,9,11,11,9-30,943,B-C,U,136,264,16,5,4,21,446,603,1,0,1,0,0,603
2669,2,2,9,9,2-25,207,B-C,R,111,189,6,7,5,18,336,735,0,0,2,0,1,735
5132,14,14,9,17,14-43,315,B-C,R,158,170,30,4,3,14,379,694,1,0,2,0,1,694
6053,10,10,20,20,10-72,2808,B-C,U,110,166,15,2,4,6,303,570,1,0,2,0,0,570
2656,2,2,9,9,2-37,200,B-C,R,78,157,7,0,1,11,254,394,1,0,2,0,1,394
6593,14,14,22,22,14-29,122,B-C,R,77,66,36,4,0,0,183,377,0,0,2,0,1,377
